domain,metric,value,status
agent_development,admitted_observations,192,completed
agent_development,prompt_only_family_macro_success,0.0,descriptive
agent_development,sft_family_macro_success,0.0,descriptive
agent_development,dpo_family_macro_success,0.0,descriptive
agent_development,ipo_family_macro_success,0.0,descriptive
agent_heldout,prompt_only_valid,43,completed
agent_heldout,dpo_valid,44,completed
agent_heldout,matched_pairs,43,underpowered
r3_final,rows,286467,completed
r3_final,known_labels,286381,completed
r3_final,unknown_labels,86,retained_unknown
r3_final,D1_logloss,0.2519545282471118,descriptive
r3_final,D2_logloss,0.2529629461486529,descriptive
r3_final,D4_logloss,0.25482761446282204,descriptive
r3_final,D1_auroc,0.7377334787606984,descriptive
r3_final,D1_pr_auc,0.18386955722916365,descriptive
posthoc,D1_mean_prediction,0.09030959672871956,posthoc_only
posthoc,D1_prevalence,0.07972595947356843,posthoc_only
posthoc,D1_calibration_slope,0.9481395712670802,posthoc_only
posthoc,D1_quantile_ece10,0.010982584023314331,posthoc_only
posthoc,D1_D4_mean_abs_disagreement,0.023051117194829447,posthoc_only
posthoc,agent_admitted_cases,279,posthoc_only
posthoc,agent_unsafe_proposals,11,posthoc_only
posthoc,agent_wrong_commits,1,posthoc_only
